
<TrackSettings Version="60">
  <SkyboxHeightOffset value="-21.000000"/>
  <SkyboxIndex value="1"/>
  <SunHeightOffset value="0.000000"/>
  <LightAmbient r="0.030000" g="0.030000" b="0.040000" a="1.000000"/>
  <DesaturateAmount value="0.850000"/>
  <DesatLuminosity r="0.212600" g="0.715200" b="0.072200" a="1.000000"/>
  <DesatPostMod r="1.000000" g="1.000000" b="1.000000" a="0.000000"/>
  <WorldClear r="0.260000" g="0.260000" b="0.260000"/>
  <SHLighting Version="6" SHTopRed="0.080000" SHTopGreen="0.080000" SHTopBlue="0.080000" SHBottomRed="0.000000" SHBottomGreen="0.000000" SHBottomBlue="0.000000" SHDirRed="1.000000" SHDirGreen="1.000000" SHDirBlue="1.000000" SHEnvMapTop="1.000000" SHEnvMapBottom="0.150000" CockpitDirectionalScalar="4.999997" CockpitHemisphericalScalar="7.999995"/>
  <WindDirection x="0.010000" y="0.010000" z="-431602080.000000"/>
  <WindAmplitude value="0.200000"/>
  <WindGustinessStrength value="0.000000"/>
  <WindGustinessFrequency value="0.000000"/>
  <WindSpeed value="1.450001"/>
  <Fog>
    <Curve value="0.000000"/>
    <Settings0>
      <Enabled value="1"/>
      <Angle value="310"/>
      <Color r="0.400000" g="0.550000" b="0.700000"/>
      <Near value="190.000000"/>
      <NearDensity value="0.000000"/>
      <Far value="660.000000"/>
      <FarDensity value="0.015000"/>
    </Settings0>
    <Settings1>
      <Enabled value="0"/>
      <Angle value="130"/>
      <Color r="0.500000" g="0.570000" b="0.630000"/>
      <Near value="-20.000000"/>
      <NearDensity value="0.000000"/>
      <Far value="800.000000"/>
      <FarDensity value="0.400000"/>
    </Settings1>
    <Settings2>
      <Enabled value="0"/>
      <Angle value="35"/>
      <Color r="0.500000" g="0.570000" b="0.630000"/>
      <Near value="-20.000000"/>
      <NearDensity value="0.000000"/>
      <Far value="600.000000"/>
      <FarDensity value="0.500000"/>
    </Settings2>
    <Settings3>
      <Enabled value="0"/>
      <Angle value="220"/>
      <Color r="0.580001" g="0.590000" b="0.560000"/>
      <Near value="0.000000"/>
      <NearDensity value="0.000000"/>
      <Far value="20.000000"/>
      <FarDensity value="0.000000"/>
    </Settings3>
    <Settings4>
      <Enabled value="0"/>
      <Angle value="40"/>
      <Color r="0.580001" g="0.590000" b="0.560000"/>
      <Near value="0.000000"/>
      <NearDensity value="0.000000"/>
      <Far value="20.000000"/>
      <FarDensity value="0.000000"/>
    </Settings4>
    <Settings5>
      <Enabled value="0"/>
      <Angle value="130"/>
      <Color r="0.580001" g="0.590000" b="0.560000"/>
      <Near value="0.000000"/>
      <NearDensity value="0.000000"/>
      <Far value="20.000000"/>
      <FarDensity value="0.000000"/>
    </Settings5>
    <Settings6>
      <Enabled value="0"/>
      <Angle value="0"/>
      <Color r="0.500000" g="0.500000" b="0.500000"/>
      <Near value="100.000000"/>
      <NearDensity value="0.000000"/>
      <Far value="5000.000000"/>
      <FarDensity value="1.000000"/>
    </Settings6>
    <Settings7>
      <Enabled value="0"/>
      <Angle value="0"/>
      <Color r="0.500000" g="0.500000" b="0.500000"/>
      <Near value="100.000000"/>
      <NearDensity value="0.000000"/>
      <Far value="5000.000000"/>
      <FarDensity value="1.000000"/>
    </Settings7>
  </Fog>
  <ShadowColor r="1.000000" g="1.000000" b="1.000000" a="1.000000"/>
  <StaticShadowColor r="0.000000" g="0.000000" b="0.000000" a="1.000000"/>
  <GrassHeightScale value="1.300000"/>
  <GlobalSpecularLevel Version="2" value="0.000000"/>
  <MinSpecLevel value="0.000000"/>
  <DetailBlurAmount1 value="0.060000"/>
  <DetailBlurAmount2 value="0.120000"/>
  <DetailBlurAmount3 value="0.180000"/>
  <DetailBlurContrastAmount1 value="1.010000"/>
  <DetailBlurContrastAmount2 value="1.020000"/>
  <DetailBlurContrastAmount3 value="1.050000"/>
  <DetailBlurIntensityAmount1 value="1.000000"/>
  <DetailBluIntensityAmount2 value="1.000000"/>
  <DetailBlurIntensityAmount3 value="1.000000"/>
  <DetailBlurContrastAmountFinal value="1.000000"/>
  <DetailBlurIntensityAmountFinal value="1.000000"/>
  <DetailBlurMPHForMaxBlur value="9999999960.000000"/>
  <bloomCutoffScale value="0.000000"/>
  <bloomPersist value="0.000000"/>
  <motionBlurAmount value="0.000000"/>
  <dofFocalDistance value="4.000000"/>
  <dofFocalLength value="0.000000"/>
  <dofFocalMaxBlur value="0.000000"/>
  <DarkColor r="0.010000" g="0.020000" b="0.030000" a="1.000000"/>
  <LightColor r="0.800001" g="0.800000" b="0.800001" a="1.000000"/>
  <CollidableDropDistance value="300.000000"/>
  <GrassSpacingType value="0"/>
  <GrassLODDist value="4.000000"/>
  <GrassLODFadeRange value="3.000000"/>
  <GrassMinNumShells value="2"/>
  <GrassFadeStartDistance value="50.000000"/>
  <GrassFadeEndDistance value="100.000000"/>
  <ToneMapAdaptiveExposure Key_ExtraDark="0.000000" Key_Dark="16.000000" Key_Light="50.250000" Key_ExtraLight="58.000000" Exp_ExtraDark="2.000000" Exp_Dark="0.000000" Exp_Light="0.000000" Exp_ExtraLight="-0.500000"/>
  <ToneMapCockpitExposure Key_ExtraDark="-0.000000" Key_Dark="13.000000" Key_Light="50.000000" Key_ExtraLight="60.000000" Exp_ExtraDark="1.500000" Exp_Dark="0.000000" Exp_Light="0.000000" Exp_ExtraLight="-0.750999"/>
  <bloomCutoff value="1.907992"/>
  <bloomScale value="5.000002"/>
  <bloomPersist value="0.001100"/>
  <bloomWeights x="0.500000" y="0.500001" z="0.400000" w="0.100000"/>
  <skyGain value="0.000000"/>
  <sunGainScale threshold="0.000000" power="983400.000000" scale="95000.000000"/>
  <GrassMaxNumShells value="0.000000"/>
  <Cubemap Version="4" MeshSizeThreshold="0.060000" MeshLimit="250" LimitPerFace="0" FacesPerFrame="3" FarDistance="700.000000" VisibilityThreshold="10000"/>
  <Mirror VisibilityThreshold="128"/>
  <OverrideShadowLightDirection value="1"/>
  <ShadowLightDirection x="0.130000" y="-0.610000" z="0.700000"/>
  <MipMapLodBiasModifier value="0.000000"/>
  <Crowds Version="3" dark_x="0.150000" dark_y="0.150000" dark_z="0.160000" dark_w="1.000000" light_x="0.850000" light_y="0.850000" light_z="0.850000" light_w="1.000000" lod0="5.000000" lod1="10.000000" lod2="37.000000" lod3="80.000000" SpriteDistance="60.000000"/>
  <DropShadowColor r="0.000000" g="0.000000" b="0.000000" a="1.000000"/>
  <TrackLightMapTransition MidPoint="0.000000" Width="0.000000" Color="0.000000"/>
  <TrackLightMapColor r="0.000000" g="0.000000" b="0.000000"/>
  <GlobalFresnel OpaqueAngle="70.000000" TransparentMultiplier="1.200000"/>
  <ToneMapeDelay val="0.070000"/>
  <CameraExposureRange minval="-2.000000" maxval="6.000000"/>
  <DetailBlurScale Version="2" val="0.250000"/>
  <SunSize min="10.000000" max="25.000000"/>
  <SunAdjust Version="2" decay="0.320000" brightness="0.260000" scale="0.780000" cockpitScale="1.000000"/>
  <Performance DynamicCubemap="1" NonFocusCarProjectedShadows="1" FocusCarProjectedShadows="1" DetailBlur="1" Lightmap="1" CrowdSize="1024"/>
  <ShadowEnds ShadowNear="25.000000" InGameShadowEnd="85.000000" TrackSegCamShadowEnd="200.000000" ShadowMipBias="-0.750000"/>
  <CommandBufferRecording TimeAllowed="4.500000" NumTextureFixupsAllowed="50" NumGraphsAllowed="25" PrerecordNextZone="0"/>
  <RoadSpecular RoadSpecular="-0.020000" RoadSpecular2="0.850999" RoadSkid="-0.016996" RoadSkid2="0.200999" RoadGlossiness="25.000000" RoadGlossiness2="25.000000" RoadLightmapDarkPoint="0.300000" RoadLightmapLightPoint="0.850000"/>
  <TrackLightMapParams DarkPoint="0.400000" LightPoint="0.750001"/>
  <skyScale value="1.000000"/>
  <cubeSkyScale value="-0.000000"/>
  <cubeSkySaturation value="0.650000"/>
  <homespaceCamLightDirOffset Enabled="0" x="0.000000" y="0.000000" z="0.000000"/>
  <DropShadowOpacityAdjustment value="0.000000"/>
  <FileChunkSize value="1048576"/>
  <ResourcePriority Texture="393216" Model="458752"/>
  <imageBasedLighting Version="3" Enable="0" LogLuvEncode="0" iblAmbientScale="1.000000" iblAmbientSaturation="0.650000" iblDirectScale="0.600000" iblSunColorR="1.000000" iblSunColorG="1.000000" iblSunColorB="1.000000"/>
  <cubeReflGroundScale value="1.000000"/>
  <filmicTone Version="2" white="1.000000" shoulderStrength="0.800000" linearStrength="0.040000" linearAngle="0.630000" toeStrength="0.180999" toeNumerator="0.003000" toeDenominator="0.140000" exposure="0.300000"/>
  <wholeTrackLightmapRadius value="400.400116"/>
  <TrackGroundColor r="0.100000" g="0.100000" b="0.100000"/>
  <TrackSkyColor r="1.000000" g="1.000000" b="1.000000"/>
  <TrackHorizonBegin value="0.000000"/>
  <TrackHorizonEnd value="0.100000"/>
  <Particles>
    <TintColor r="1.000000" g="1.000000" b="1.000000"/>
  </Particles>
</TrackSettings>