
<TrackSettings Version="39">
  <SkyboxHeightOffset value="-271.000000"/>
  <LightAmbient r="0.350000" g="0.380000" b="0.430000" a="1.000000"/>
  <DesaturateAmount value="0.850000"/>
  <DesatLuminosity r="0.212600" g="0.715200" b="0.072200" a="1.000000"/>
  <DesatPostMod r="1.000000" g="1.000000" b="1.000000" a="1.000000"/>
  <SHLighting Version="5" SHTopRed="0.350000" SHTopGreen="0.350000" SHTopBlue="0.350000" SHBottomRed="-0.000000" SHBottomGreen="-0.000000" SHBottomBlue="-0.000000" SHDirRed="0.800000" SHDirGreen="0.800000" SHDirBlue="0.800000" SHEnvMapTop="1.000000" SHEnvMapBottom="0.150000" SHCockpitTopRed="0.300000" SHCockpitTopGreen="0.300000" SHCockpitTopBlue="0.300000" SHCockpitBottomRed="0.000000" SHCockpitBottomGreen="0.000000" SHCockpitBottomBlue="0.000000" SHCockpitDirRed="0.000000" SHCockpitDirGreen="0.000000" SHCockpitDirBlue="0.000000" SHCockpitDirTheta="0.000000" SHCockpitDirPhi="0.000000" CockpitDirectionalScalar="1.500000"/>
  <WindDirection x="0.500000" y="0.500000" z="0.000000"/>
  <WindAmplitude value="0.800000"/>
  <WindGustinessStrength value="1.000000"/>
  <WindGustinessFrequency value="0.200000"/>
  <WindSpeed value="3.000000"/>
  <Fog>
    <Curve value="0.000000"/>
    <Settings0>
      <Enabled value="1"/>
      <Angle value="180"/>
      <Color r="0.330000" g="0.380000" b="0.410000"/>
      <Near value="100.000000"/>
      <NearDensity value="0.100000"/>
      <Far value="1320.000000"/>
      <FarDensity value="0.540000"/>
    </Settings0>
    <Settings1>
      <Enabled value="0"/>
      <Angle value="0"/>
      <Color r="0.550000" g="0.590000" b="0.700000"/>
      <Near value="120.000000"/>
      <NearDensity value="0.160000"/>
      <Far value="1300.000000"/>
      <FarDensity value="0.320000"/>
    </Settings1>
    <Settings2>
      <Enabled value="0"/>
      <Angle value="180"/>
      <Color r="0.390000" g="0.430000" b="0.420000"/>
      <Near value="10.000000"/>
      <NearDensity value="0.010000"/>
      <Far value="-110.000000"/>
      <FarDensity value="0.140000"/>
    </Settings2>
    <Settings3>
      <Enabled value="0"/>
      <Angle value="180"/>
      <Color r="0.400000" g="0.420000" b="0.440000"/>
      <Near value="100.000000"/>
      <NearDensity value="0.000000"/>
      <Far value="660.000000"/>
      <FarDensity value="0.200000"/>
    </Settings3>
    <Settings4>
      <Enabled value="0"/>
      <Angle value="0"/>
      <Color r="0.500000" g="0.500000" b="0.500000"/>
      <Near value="100.000000"/>
      <NearDensity value="0.000000"/>
      <Far value="5000.000000"/>
      <FarDensity value="1.000000"/>
    </Settings4>
    <Settings5>
      <Enabled value="0"/>
      <Angle value="0"/>
      <Color r="0.500000" g="0.500000" b="0.500000"/>
      <Near value="100.000000"/>
      <NearDensity value="0.000000"/>
      <Far value="5000.000000"/>
      <FarDensity value="1.000000"/>
    </Settings5>
    <Settings6>
      <Enabled value="0"/>
      <Angle value="0"/>
      <Color r="0.500000" g="0.500000" b="0.500000"/>
      <Near value="100.000000"/>
      <NearDensity value="0.000000"/>
      <Far value="5000.000000"/>
      <FarDensity value="1.000000"/>
    </Settings6>
    <Settings7>
      <Enabled value="0"/>
      <Angle value="0"/>
      <Color r="0.500000" g="0.500000" b="0.500000"/>
      <Near value="100.000000"/>
      <NearDensity value="0.000000"/>
      <Far value="5000.000000"/>
      <FarDensity value="1.000000"/>
    </Settings7>
  </Fog>
  <ShadowColor r="1.000000" g="1.000000" b="1.000000" a="1.000000"/>
  <StaticShadowColor r="0.000000" g="0.000000" b="0.000000" a="1.000000"/>
  <GrassHeightScale value="1.000000"/>
  <GlobalSpecularLevel Version="2" value="0.000000"/>
  <DetailBrightness value="0.120000"/>
  <DetailDarkness value="0.120000"/>
  <DetailContrastThreshold value="0.200000"/>
  <DetailBlurAmount1 value="0.060000"/>
  <DetailBlurAmount2 value="0.120000"/>
  <DetailBlurAmount3 value="0.180000"/>
  <DetailBlurContrastAmount1 value="1.000000"/>
  <DetailBlurContrastAmount2 value="1.000000"/>
  <DetailBlurContrastAmount3 value="1.000000"/>
  <DetailBlurMPHForMaxBlur value="9999999990.000000"/>
  <bloomCutoffScale value="0.000000"/>
  <bloomPersist value="0.000000"/>
  <motionBlurAmount value="0.000000"/>
  <dofMinFocus value="0.200000"/>
  <dofPerfectFocus value="0.100000"/>
  <dofMaxFocus value="0.000000"/>
  <dofNearFocus value="0.150000"/>
  <dofFarFocus value="0.050000"/>
  <DarkColor r="0.150000" g="0.150000" b="0.150000" a="0.000000"/>
  <LightColor r="1.750000" g="1.749999" b="1.750000" a="1.000000"/>
  <GrassSpacingType value="0"/>
  <GrassLODDist value="4.000000"/>
  <GrassLODFadeRange value="3.000000"/>
  <GrassMinNumShells value="0"/>
  <ToneMappingLevels LightCurveBlackPoint="0.000000" LightCurveGamma="1.000000" LightCurveWhitePoint="214.200562" LightCurveBoost="1.000000" DarkCurveBlackPoint="-0.000000" DarkCurveGamma="1.000000" DarkCurveWhitePoint="164.699875" DarkCurveBoost="0.000000"/>
  <bloomCutoff value="1.704001"/>
  <bloomScale value="2.000005"/>
  <bloomPersist value="0.010000"/>
  <skyGain value="0.420000"/>
  <GrassMaxNumShells value="0.000000"/>
  <Cubemap Version="4" MeshSizeThreshold="0.060000" MeshLimit="300" LimitPerFace="0" FacesPerFrame="3" FarDistance="650.000000" VisibilityThreshold="5000"/>
  <Mirror VisibilityThreshold="32"/>
  <OverrideShadowLightDirection value="1"/>
  <ShadowLightDirection x="-0.312961" y="-0.691535" z="0.651026"/>
  <MipMapLodBiasModifier value="0.000000"/>
  <Crowds Version="3" dark_x="0.500000" dark_y="0.500000" dark_z="0.500000" dark_w="1.813000" light_x="1.313000" light_y="1.313000" light_z="1.313000" light_w="1.000000" lod0="5.000000" lod1="10.000000" lod2="190.000000" lod3="120.000000" Use2FrameSitSprites="0" SpriteDistance="300.000000"/>
  <DropShadowColor r="0.010000" g="0.010000" b="0.030000" a="1.000000"/>
  <TrackLightMapTransition MidPoint="0.000000" Width="0.000000" Color="0.000000"/>
  <TrackLightMapColor r="0.000000" g="0.000000" b="0.000000"/>
  <GlobalFresnel OpaqueAngle="70.000000" TransparentMultiplier="1.200000"/>
  <TrackLumLimits min="70.000000" max="160.000000"/>
  <TrackCockpitLumLimits min="35.000000" max="160.000000"/>
  <ToneMapeDelay val="0.015000"/>
  <DetailBlurScale val="1.200000"/>
  <SunSize min="13.000000" max="50.000000"/>
  <SunAdjust decay="0.500000" brightness="3.000000" scale="5.999998"/>
  <Performance DynamicCubemap="1" NonFocusCarProjectedShadows="1" FocusCarProjectedShadows="1" DetailBlur="1" Lightmap="1" CrowdSize="1024"/>
  <ShadowEnds InGameShadowEnd="85.000000" TrackSegCamShadowEnd="200.000000"/>
  <CommandBufferRecording TimeAllowed="4.500000" NumTextureFixupsAllowed="50" NumGraphsAllowed="25" PrerecordNextZone="0"/>
  <RoadSpecular RoadSpecular="0.100000" RoadSpecular2="0.700000" RoadSkid="-0.200003" RoadSkid2="1.000001" RoadGlossiness="3.000000" RoadGlossiness2="23.000000" RoadLightmapDarkPoint="0.501000" RoadLightmapLightPoint="0.798000"/>
  <TrackLightMapParams DarkPoint="0.501000" LightPoint="0.797999"/>
  <skyScale value="1.100000"/>
  <cubeSkyScale value="-0.000000"/>
  <cubeSkyGain value="0.000000"/>
  <homespaceCamLightDirOffset Enabled="0" x="0.000000" y="0.000000" z="0.000000"/>
  <DropShadowOpacityAdjustment value="0.000000"/>
</TrackSettings>