
<TrackSettings Version="58">
  <SkyboxHeightOffset value="0.000000"/>
  <SkyboxIndex value="1"/>
  <SunHeightOffset value="0.000000"/>
  <LightAmbient r="0.300000" g="0.300000" b="0.300000" a="1.000000"/>
  <DesaturateAmount value="0.920000"/>
  <DesatLuminosity r="0.212500" g="0.715400" b="0.072100" a="0.000000"/>
  <DesatPostMod r="1.000000" g="1.000000" b="1.000000" a="1.000000"/>
  <SHLighting Version="6" SHTopRed="0.200000" SHTopGreen="0.200000" SHTopBlue="0.200000" SHBottomRed="0.100000" SHBottomGreen="0.100000" SHBottomBlue="0.100000" SHDirRed="1.000000" SHDirGreen="1.000000" SHDirBlue="1.000000" SHEnvMapTop="1.000000" SHEnvMapBottom="1.000000" CockpitDirectionalScalar="1.000000" CockpitHemisphericalScalar="3.000000"/>
  <WindDirection x="0.500000" y="0.500000" z="0.000000"/>
  <WindAmplitude value="0.800000"/>
  <WindGustinessStrength value="1.000000"/>
  <WindGustinessFrequency value="0.200000"/>
  <WindSpeed value="3.000000"/>
  <Fog>
    <Curve value="0.000000"/>
    <Settings0>
      <Enabled value="0"/>
      <Angle value="0"/>
      <Color r="0.500000" g="0.500000" b="0.500000"/>
      <Near value="100.000000"/>
      <NearDensity value="0.000000"/>
      <Far value="5000.000000"/>
      <FarDensity value="1.000000"/>
    </Settings0>
    <Settings1>
      <Enabled value="0"/>
      <Angle value="0"/>
      <Color r="0.500000" g="0.500000" b="0.500000"/>
      <Near value="100.000000"/>
      <NearDensity value="0.000000"/>
      <Far value="5000.000000"/>
      <FarDensity value="1.000000"/>
    </Settings1>
    <Settings2>
      <Enabled value="0"/>
      <Angle value="0"/>
      <Color r="0.500000" g="0.500000" b="0.500000"/>
      <Near value="100.000000"/>
      <NearDensity value="0.000000"/>
      <Far value="5000.000000"/>
      <FarDensity value="1.000000"/>
    </Settings2>
    <Settings3>
      <Enabled value="0"/>
      <Angle value="0"/>
      <Color r="0.500000" g="0.500000" b="0.500000"/>
      <Near value="100.000000"/>
      <NearDensity value="0.000000"/>
      <Far value="5000.000000"/>
      <FarDensity value="1.000000"/>
    </Settings3>
    <Settings4>
      <Enabled value="0"/>
      <Angle value="0"/>
      <Color r="0.500000" g="0.500000" b="0.500000"/>
      <Near value="100.000000"/>
      <NearDensity value="0.000000"/>
      <Far value="5000.000000"/>
      <FarDensity value="1.000000"/>
    </Settings4>
    <Settings5>
      <Enabled value="0"/>
      <Angle value="0"/>
      <Color r="0.500000" g="0.500000" b="0.500000"/>
      <Near value="100.000000"/>
      <NearDensity value="0.000000"/>
      <Far value="5000.000000"/>
      <FarDensity value="1.000000"/>
    </Settings5>
    <Settings6>
      <Enabled value="0"/>
      <Angle value="0"/>
      <Color r="0.500000" g="0.500000" b="0.500000"/>
      <Near value="100.000000"/>
      <NearDensity value="0.000000"/>
      <Far value="5000.000000"/>
      <FarDensity value="1.000000"/>
    </Settings6>
    <Settings7>
      <Enabled value="0"/>
      <Angle value="0"/>
      <Color r="0.500000" g="0.500000" b="0.500000"/>
      <Near value="100.000000"/>
      <NearDensity value="0.000000"/>
      <Far value="5000.000000"/>
      <FarDensity value="1.000000"/>
    </Settings7>
  </Fog>
  <ShadowColor r="1.000000" g="1.000000" b="1.000000" a="1.000000"/>
  <StaticShadowColor r="0.650000" g="0.650000" b="0.650000" a="1.000000"/>
  <GrassHeightScale value="1.000000"/>
  <GlobalSpecularLevel Version="2" value="0.000000"/>
  <MinSpecLevel value="0.200000"/>
  <DetailBlurAmount1 value="0.060000"/>
  <DetailBlurAmount2 value="0.120000"/>
  <DetailBlurAmount3 value="0.180000"/>
  <DetailBlurContrastAmount1 value="1.000000"/>
  <DetailBlurContrastAmount2 value="1.000000"/>
  <DetailBlurContrastAmount3 value="1.000000"/>
  <DetailBlurIntensityAmount1 value="1.000000"/>
  <DetailBluIntensityAmount2 value="1.000000"/>
  <DetailBlurIntensityAmount3 value="1.000000"/>
  <DetailBlurContrastAmountFinal value="1.000000"/>
  <DetailBlurIntensityAmountFinal value="1.000000"/>
  <DetailBlurMPHForMaxBlur value="9999999960.000000"/>
  <bloomCutoffScale value="0.000000"/>
  <bloomPersist value="0.000000"/>
  <motionBlurAmount value="0.000000"/>
  <dofFocalDistance value="4.000000"/>
  <dofFocalLength value="0.000000"/>
  <dofFocalMaxBlur value="0.000000"/>
  <DarkColor r="0.089499" g="0.097429" b="0.107625" a="1.000000"/>
  <LightColor r="1.024752" g="1.024752" b="0.950495" a="1.000000"/>
  <CollidableDropDistance value="300.000000"/>
  <GrassSpacingType value="0"/>
  <GrassLODDist value="4.000000"/>
  <GrassLODFadeRange value="3.000000"/>
  <GrassMinNumShells value="0"/>
  <GrassFadeStartDistance value="5000.000000"/>
  <GrassFadeEndDistance value="5000.000000"/>
  <ToneMapAdaptiveExposure Key_ExtraDark="0.000000" Key_Dark="255.750000" Key_Light="767.250000" Key_ExtraLight="1023.000000" Exp_ExtraDark="0.000000" Exp_Dark="0.000000" Exp_Light="0.000000" Exp_ExtraLight="0.000000"/>
  <ToneMapCockpitExposure Key_ExtraDark="0.000000" Key_Dark="255.750000" Key_Light="767.250000" Key_ExtraLight="1023.000000" Exp_ExtraDark="0.000000" Exp_Dark="0.000000" Exp_Light="0.000000" Exp_ExtraLight="0.000000"/>
  <bloomCutoff value="2.004000"/>
  <bloomScale value="0.208999"/>
  <bloomPersist value="0.001010"/>
  <bloomWeights x="0.135000" y="0.536000" z="0.496000" w="0.183000"/>
  <skyGain value="0.000000"/>
  <sunGainScale threshold="0.000000" power="999900.000000" scale="20000.000000"/>
  <GrassMaxNumShells value="0.000000"/>
  <Cubemap Version="4" MeshSizeThreshold="0.100000" MeshLimit="300" LimitPerFace="0" FacesPerFrame="6" FarDistance="500.000000" VisibilityThreshold="32"/>
  <Mirror VisibilityThreshold="32"/>
  <OverrideShadowLightDirection value="1"/>
  <ShadowLightDirection x="0.550000" y="-0.700000" z="0.400000"/>
  <MipMapLodBiasModifier value="0.000000"/>
  <Crowds Version="3" dark_x="0.500000" dark_y="0.500000" dark_z="0.500000" dark_w="1.000000" light_x="1.000000" light_y="1.000000" light_z="1.000000" light_w="1.000000" lod0="5.000000" lod1="20.000000" lod2="50.000000" lod3="125.000000" Use2FrameSitSprites="0" SpriteDistance="60.000000"/>
  <DropShadowColor r="0.000000" g="0.000000" b="0.000000" a="1.000000"/>
  <TrackLightMapTransition MidPoint="0.000000" Width="0.000000" Color="0.000000"/>
  <TrackLightMapColor r="0.000000" g="0.000000" b="0.000000"/>
  <GlobalFresnel OpaqueAngle="70.000000" TransparentMultiplier="1.200000"/>
  <ToneMapeDelay val="0.020000"/>
  <CameraExposureRange minval="-2.000000" maxval="0.000000"/>
  <DetailBlurScale Version="2" val="1.000000"/>
  <SunSize min="20.000000" max="90.000000"/>
  <SunAdjust decay="0.100000" brightness="1.000000" scale="1.000000"/>
  <Performance DynamicCubemap="0" NonFocusCarProjectedShadows="1" FocusCarProjectedShadows="1" DetailBlur="1" Lightmap="1" CrowdSize="1024"/>
  <ShadowEnds ShadowNear="25.000000" InGameShadowEnd="85.000000" TrackSegCamShadowEnd="200.000000" ShadowMipBias="-0.750000"/>
  <CommandBufferRecording TimeAllowed="4.500000" NumTextureFixupsAllowed="50" NumGraphsAllowed="25" PrerecordNextZone="0"/>
  <RoadSpecular RoadSpecular="0.250000" RoadSpecular2="0.241000" RoadSkid="-2.461000" RoadSkid2="0.500000" RoadGlossiness="10.000000" RoadGlossiness2="20.000000" RoadLightmapDarkPoint="0.500000" RoadLightmapLightPoint="0.750000"/>
  <TrackLightMapParams DarkPoint="0.525000" LightPoint="0.750000"/>
  <skyScale value="1.000000"/>
  <cubeSkyScale value="0.000000"/>
  <cubeSkySaturation value="1.000000"/>
  <homespaceCamLightDirOffset Enabled="0" x="0.000000" y="0.000000" z="0.000000"/>
  <DropShadowOpacityAdjustment value="0.000000"/>
  <FileChunkSize value="1048576"/>
  <ResourcePriority Texture="262144" Model="262144"/>
  <imageBasedLighting Version="3" Enable="0" LogLuvEncode="1" iblAmbientScale="3.000000" iblAmbientSaturation="0.650000" iblDirectScale="0.575000" iblSunColorR="1.000000" iblSunColorG="1.000000" iblSunColorB="1.000000"/>
  <cubeReflGroundScale value="1.000000"/>
  <filmicTone Version="2" white="1.500000" shoulderStrength="0.151000" linearStrength="0.038000" linearAngle="0.566000" toeStrength="0.210000" toeNumerator="0.003000" toeDenominator="0.141000" exposure="0.750000"/>
  <wholeTrackLightmapRadius value="0.000000"/>
  <TrackGroundColor r="0.100000" g="0.100000" b="0.100000"/>
  <TrackSkyColor r="1.000000" g="1.000000" b="1.000000"/>
  <TrackHorizonBegin value="0.000000"/>
  <TrackHorizonEnd value="0.100000"/>
</TrackSettings>