
<TrackSettings Version="58">
  <SkyboxHeightOffset value="15.000000"/>
  <SkyboxIndex value="0"/>
  <SunHeightOffset value="0.000000"/>
  <LightAmbient r="0.330000" g="0.330000" b="0.330000" a="1.000000"/>
  <DesaturateAmount value="0.920000"/>
  <DesatLuminosity r="0.210000" g="0.700000" b="0.070000" a="1.000000"/>
  <DesatPostMod r="1.000000" g="1.000000" b="1.000000" a="1.000000"/>
  <SHLighting Version="6" SHTopRed="0.240000" SHTopGreen="0.240000" SHTopBlue="0.240000" SHBottomRed="0.090000" SHBottomGreen="0.090000" SHBottomBlue="0.080000" SHDirRed="1.010000" SHDirGreen="1.010000" SHDirBlue="1.010000" SHEnvMapTop="1.000000" SHEnvMapBottom="1.000000" CockpitDirectionalScalar="1.000000" CockpitHemisphericalScalar="3.000000"/>
  <WindDirection x="0.500000" y="0.500000" z="0.000000"/>
  <WindAmplitude value="0.800000"/>
  <WindGustinessStrength value="1.000000"/>
  <WindGustinessFrequency value="0.200000"/>
  <WindSpeed value="3.000000"/>
  <Fog>
    <Curve value="0.000000"/>
    <Settings0>
      <Enabled value="0"/>
      <Angle value="90"/>
      <Color r="0.380000" g="0.430000" b="0.450000"/>
      <Near value="80.000000"/>
      <NearDensity value="0.100000"/>
      <Far value="430.000000"/>
      <FarDensity value="0.200000"/>
    </Settings0>
    <Settings1>
      <Enabled value="0"/>
      <Angle value="0"/>
      <Color r="0.550000" g="0.590000" b="0.590000"/>
      <Near value="120.000000"/>
      <NearDensity value="0.160000"/>
      <Far value="2010.000000"/>
      <FarDensity value="0.320000"/>
    </Settings1>
    <Settings2>
      <Enabled value="0"/>
      <Angle value="180"/>
      <Color r="0.390000" g="0.430000" b="0.420000"/>
      <Near value="10.000000"/>
      <NearDensity value="0.010000"/>
      <Far value="-110.000000"/>
      <FarDensity value="0.140000"/>
    </Settings2>
    <Settings3>
      <Enabled value="0"/>
      <Angle value="180"/>
      <Color r="0.400000" g="0.420000" b="0.440000"/>
      <Near value="100.000000"/>
      <NearDensity value="0.000000"/>
      <Far value="660.000000"/>
      <FarDensity value="0.200000"/>
    </Settings3>
    <Settings4>
      <Enabled value="0"/>
      <Angle value="0"/>
      <Color r="0.500000" g="0.500000" b="0.500000"/>
      <Near value="100.000000"/>
      <NearDensity value="0.000000"/>
      <Far value="5000.000000"/>
      <FarDensity value="1.000000"/>
    </Settings4>
    <Settings5>
      <Enabled value="0"/>
      <Angle value="0"/>
      <Color r="0.500000" g="0.500000" b="0.500000"/>
      <Near value="100.000000"/>
      <NearDensity value="0.000000"/>
      <Far value="5000.000000"/>
      <FarDensity value="1.000000"/>
    </Settings5>
    <Settings6>
      <Enabled value="0"/>
      <Angle value="0"/>
      <Color r="0.500000" g="0.500000" b="0.500000"/>
      <Near value="100.000000"/>
      <NearDensity value="0.000000"/>
      <Far value="5000.000000"/>
      <FarDensity value="1.000000"/>
    </Settings6>
    <Settings7>
      <Enabled value="0"/>
      <Angle value="0"/>
      <Color r="0.500000" g="0.500000" b="0.500000"/>
      <Near value="100.000000"/>
      <NearDensity value="0.000000"/>
      <Far value="5000.000000"/>
      <FarDensity value="1.000000"/>
    </Settings7>
  </Fog>
  <ShadowColor r="1.000000" g="1.000000" b="1.000000" a="1.000000"/>
  <StaticShadowColor r="0.650000" g="0.650000" b="0.650000" a="1.000000"/>
  <GrassHeightScale value="1.000000"/>
  <GlobalSpecularLevel Version="2" value="0.000000"/>
  <MinSpecLevel value="0.200000"/>
  <DetailBlurAmount1 value="0.060000"/>
  <DetailBlurAmount2 value="0.120000"/>
  <DetailBlurAmount3 value="0.180000"/>
  <DetailBlurContrastAmount1 value="1.000000"/>
  <DetailBlurContrastAmount2 value="1.000000"/>
  <DetailBlurContrastAmount3 value="1.000000"/>
  <DetailBlurIntensityAmount1 value="1.000000"/>
  <DetailBluIntensityAmount2 value="1.000000"/>
  <DetailBlurIntensityAmount3 value="1.000000"/>
  <DetailBlurContrastAmountFinal value="1.000000"/>
  <DetailBlurIntensityAmountFinal value="1.000000"/>
  <DetailBlurMPHForMaxBlur value="9999999960.000000"/>
  <bloomCutoffScale value="0.000000"/>
  <bloomPersist value="0.000000"/>
  <motionBlurAmount value="0.000000"/>
  <dofFocalDistance value="4.000000"/>
  <dofFocalLength value="0.000000"/>
  <dofFocalMaxBlur value="0.000000"/>
  <DarkColor r="0.009499" g="0.007429" b="0.007624" a="1.000000"/>
  <LightColor r="1.004752" g="1.004752" b="1.000495" a="1.000000"/>
  <CollidableDropDistance value="300.000000"/>
  <GrassSpacingType value="0"/>
  <GrassLODDist value="4.000000"/>
  <GrassLODFadeRange value="3.000000"/>
  <GrassMinNumShells value="0"/>
  <GrassFadeStartDistance value="5000.000000"/>
  <GrassFadeEndDistance value="5000.000000"/>
  <ToneMapAdaptiveExposure Key_ExtraDark="0.000000" Key_Dark="28.000000" Key_Light="61.000000" Key_ExtraLight="164.000000" Exp_ExtraDark="1.000000" Exp_Dark="0.000000" Exp_Light="0.001000" Exp_ExtraLight="-1.000000"/>
  <ToneMapCockpitExposure Key_ExtraDark="0.000000" Key_Dark="255.750000" Key_Light="767.250000" Key_ExtraLight="1023.000000" Exp_ExtraDark="0.000000" Exp_Dark="0.000000" Exp_Light="0.000000" Exp_ExtraLight="0.000000"/>
  <bloomCutoff value="6.017999"/>
  <bloomScale value="2.595001"/>
  <bloomPersist value="0.000100"/>
  <bloomWeights x="4.444000" y="3.081001" z="2.225002" w="1.465000"/>
  <skyGain value="-0.000000"/>
  <sunGainScale threshold="0.000000" power="999900.000000" scale="20000.000000"/>
  <GrassMaxNumShells value="0.000000"/>
  <Cubemap Version="4" MeshSizeThreshold="0.100000" MeshLimit="300" LimitPerFace="0" FacesPerFrame="6" FarDistance="500.000000" VisibilityThreshold="32"/>
  <Mirror VisibilityThreshold="32"/>
  <OverrideShadowLightDirection value="1"/>
  <ShadowLightDirection x="0.500000" y="-0.500000" z="-0.600000"/>
  <MipMapLodBiasModifier value="0.000000"/>
  <Crowds Version="3" dark_x="0.500000" dark_y="0.500000" dark_z="0.500000" dark_w="1.813000" light_x="1.200000" light_y="1.200000" light_z="1.100000" light_w="1.000000" lod0="5.000000" lod1="20.000000" lod2="50.000000" lod3="125.000000" Use2FrameSitSprites="0" SpriteDistance="60.000000"/>
  <DropShadowColor r="0.000000" g="0.000000" b="0.000000" a="1.000000"/>
  <TrackLightMapTransition MidPoint="0.000000" Width="0.000000" Color="0.000000"/>
  <TrackLightMapColor r="0.000000" g="0.000000" b="0.000000"/>
  <GlobalFresnel OpaqueAngle="70.000000" TransparentMultiplier="1.200000"/>
  <ToneMapeDelay val="0.020000"/>
  <CameraExposureRange minval="-2.000000" maxval="6.000000"/>
  <DetailBlurScale Version="2" val="1.000000"/>
  <SunSize min="200.000000" max="2000.000000"/>
  <SunAdjust decay="0.100000" brightness="1.000000" scale="1.000000"/>
  <Performance DynamicCubemap="1" NonFocusCarProjectedShadows="1" FocusCarProjectedShadows="1" DetailBlur="1" Lightmap="1" CrowdSize="1024"/>
  <ShadowEnds ShadowNear="25.000000" InGameShadowEnd="85.000000" TrackSegCamShadowEnd="200.000000" ShadowMipBias="-0.750000"/>
  <CommandBufferRecording TimeAllowed="4.500000" NumTextureFixupsAllowed="50" NumGraphsAllowed="25" PrerecordNextZone="0"/>
  <RoadSpecular RoadSpecular="0.400000" RoadSpecular2="0.700000" RoadSkid="-2.000000" RoadSkid2="0.500000" RoadGlossiness="10.000000" RoadGlossiness2="20.000000" RoadLightmapDarkPoint="0.000000" RoadLightmapLightPoint="0.202000"/>
  <TrackLightMapParams DarkPoint="0.000000" LightPoint="0.101000"/>
  <skyScale value="1.250000"/>
  <cubeSkyScale value="0.000000"/>
  <cubeSkySaturation value="1.000000"/>
  <homespaceCamLightDirOffset Enabled="0" x="0.000000" y="0.000000" z="0.000000"/>
  <DropShadowOpacityAdjustment value="0.000000"/>
  <FileChunkSize value="1048576"/>
  <ResourcePriority Texture="262144" Model="262144"/>
  <imageBasedLighting Version="3" Enable="0" LogLuvEncode="1" iblAmbientScale="2.999999" iblAmbientSaturation="0.650000" iblDirectScale="0.600000" iblSunColorR="1.000000" iblSunColorG="0.950000" iblSunColorB="0.900000"/>
  <cubeReflGroundScale value="1.000000"/>
  <filmicTone Version="2" white="1.500000" shoulderStrength="0.151000" linearStrength="0.038000" linearAngle="0.566000" toeStrength="0.210000" toeNumerator="0.003000" toeDenominator="0.141000" exposure="0.200000"/>
  <wholeTrackLightmapRadius value="0.000000"/>
  <TrackGroundColor r="0.100000" g="0.100000" b="0.100000"/>
  <TrackSkyColor r="1.000000" g="1.000000" b="1.000000"/>
  <TrackHorizonBegin value="0.000000"/>
  <TrackHorizonEnd value="0.100000"/>
</TrackSettings>