
<TrackSettings Version="40">
  <SkyboxHeightOffset value="-310.000000"/>
  <LightAmbient r="0.490000" g="0.490000" b="0.560000" a="1.000000"/>
  <DesaturateAmount value="0.750000"/>
  <DesatLuminosity r="0.212600" g="0.715200" b="0.072200" a="1.000000"/>
  <DesatPostMod r="1.000000" g="1.000000" b="1.000000" a="1.000000"/>
  <SHLighting Version="5" SHTopRed="0.200000" SHTopGreen="0.200000" SHTopBlue="0.200000" SHBottomRed="0.000000" SHBottomGreen="0.010000" SHBottomBlue="0.030000" SHDirRed="0.880000" SHDirGreen="0.880000" SHDirBlue="0.880000" SHEnvMapTop="1.000000" SHEnvMapBottom="1.000000" SHCockpitTopRed="0.200000" SHCockpitTopGreen="0.200000" SHCockpitTopBlue="0.200000" SHCockpitBottomRed="0.100000" SHCockpitBottomGreen="0.100000" SHCockpitBottomBlue="0.100000" SHCockpitDirRed="1.000000" SHCockpitDirGreen="1.000000" SHCockpitDirBlue="1.000000" SHCockpitDirTheta="0.000000" SHCockpitDirPhi="0.000000" CockpitDirectionalScalar="1.000000"/>
  <WindDirection x="0.010000" y="0.010000" z="-431602080.000000"/>
  <WindAmplitude value="0.200000"/>
  <WindGustinessStrength value="0.000000"/>
  <WindGustinessFrequency value="0.000000"/>
  <WindSpeed value="1.450000"/>
  <Fog>
    <Curve value="0.000000"/>
    <Settings0>
      <Enabled value="1"/>
      <Angle value="120"/>
      <Color r="0.670000" g="0.660000" b="0.660000"/>
      <Near value="30.000000"/>
      <NearDensity value="0.050000"/>
      <Far value="2600.000000"/>
      <FarDensity value="0.500000"/>
    </Settings0>
    <Settings1>
      <Enabled value="0"/>
      <Angle value="240"/>
      <Color r="0.680000" g="0.740000" b="0.840000"/>
      <Near value="10.000000"/>
      <NearDensity value="0.050000"/>
      <Far value="2600.000000"/>
      <FarDensity value="0.500000"/>
    </Settings1>
    <Settings2>
      <Enabled value="0"/>
      <Angle value="0"/>
      <Color r="0.760000" g="0.810000" b="0.720000"/>
      <Near value="0.000000"/>
      <NearDensity value="0.300000"/>
      <Far value="1600.000000"/>
      <FarDensity value="0.500000"/>
    </Settings2>
    <Settings3>
      <Enabled value="0"/>
      <Angle value="0"/>
      <Color r="0.500000" g="0.500000" b="0.500000"/>
      <Near value="100.000000"/>
      <NearDensity value="0.000000"/>
      <Far value="5000.000000"/>
      <FarDensity value="1.000000"/>
    </Settings3>
    <Settings4>
      <Enabled value="0"/>
      <Angle value="0"/>
      <Color r="0.500000" g="0.500000" b="0.500000"/>
      <Near value="100.000000"/>
      <NearDensity value="0.000000"/>
      <Far value="5000.000000"/>
      <FarDensity value="1.000000"/>
    </Settings4>
    <Settings5>
      <Enabled value="0"/>
      <Angle value="0"/>
      <Color r="0.500000" g="0.500000" b="0.500000"/>
      <Near value="100.000000"/>
      <NearDensity value="0.000000"/>
      <Far value="5000.000000"/>
      <FarDensity value="1.000000"/>
    </Settings5>
    <Settings6>
      <Enabled value="0"/>
      <Angle value="0"/>
      <Color r="0.500000" g="0.500000" b="0.500000"/>
      <Near value="100.000000"/>
      <NearDensity value="0.000000"/>
      <Far value="5000.000000"/>
      <FarDensity value="1.000000"/>
    </Settings6>
    <Settings7>
      <Enabled value="0"/>
      <Angle value="0"/>
      <Color r="0.500000" g="0.500000" b="0.500000"/>
      <Near value="100.000000"/>
      <NearDensity value="0.000000"/>
      <Far value="5000.000000"/>
      <FarDensity value="1.000000"/>
    </Settings7>
  </Fog>
  <ShadowColor r="1.000000" g="1.000000" b="1.000000" a="1.000000"/>
  <StaticShadowColor r="0.000000" g="0.000000" b="0.000000" a="1.000000"/>
  <GrassHeightScale value="1.300000"/>
  <GlobalSpecularLevel Version="2" value="0.000000"/>
  <DetailBrightness value="0.000000"/>
  <DetailDarkness value="0.000000"/>
  <DetailContrastThreshold value="0.500000"/>
  <DetailBlurAmount1 value="0.060000"/>
  <DetailBlurAmount2 value="0.120000"/>
  <DetailBlurAmount3 value="0.180000"/>
  <DetailBlurContrastAmount1 value="1.000000"/>
  <DetailBlurContrastAmount2 value="1.000000"/>
  <DetailBlurContrastAmount3 value="1.000000"/>
  <DetailBlurMPHForMaxBlur value="9999999960.000000"/>
  <bloomCutoffScale value="0.000000"/>
  <bloomPersist value="0.000000"/>
  <motionBlurAmount value="0.000000"/>
  <dofMinFocus value="0.300000"/>
  <dofPerfectFocus value="0.200000"/>
  <dofMaxFocus value="0.000000"/>
  <dofNearFocus value="0.250000"/>
  <dofFarFocus value="0.100000"/>
  <DarkColor r="0.070000" g="0.070000" b="0.120000" a="1.000000"/>
  <LightColor r="1.799999" g="1.799999" b="1.799999" a="1.000000"/>
  <GrassSpacingType value="0"/>
  <GrassLODDist value="4.000000"/>
  <GrassLODFadeRange value="3.000000"/>
  <GrassMinNumShells value="2"/>
  <ToneMappingLevels LightCurveBlackPoint="0.000000" LightCurveGamma="1.010000" LightCurveWhitePoint="285.800110" LightCurveBoost="0.000000" DarkCurveBlackPoint="0.000000" DarkCurveGamma="1.010000" DarkCurveWhitePoint="141.500092" DarkCurveBoost="0.000000"/>
  <bloomCutoff value="0.991000"/>
  <bloomScale value="0.386000"/>
  <bloomPersist value="0.012700"/>
  <skyGain value="0.000000"/>
  <GrassMaxNumShells value="16.000000"/>
  <Cubemap Version="4" MeshSizeThreshold="0.030000" MeshLimit="100" LimitPerFace="0" FacesPerFrame="2" FarDistance="250.000000" VisibilityThreshold="32"/>
  <Mirror VisibilityThreshold="32"/>
  <OverrideShadowLightDirection value="1"/>
  <ShadowLightDirection x="-0.380578" y="-0.577488" z="-0.722266"/>
  <MipMapLodBiasModifier value="0.000000"/>
  <Crowds Version="3" dark_x="0.700000" dark_y="0.700000" dark_z="0.700000" dark_w="1.000000" light_x="1.500000" light_y="1.500000" light_z="1.400000" light_w="1.000000" lod0="5.000000" lod1="20.000000" lod2="50.000000" lod3="125.000000" Use2FrameSitSprites="0" SpriteDistance="60.000000"/>
  <DropShadowColor r="0.000000" g="0.010000" b="0.030000" a="1.000000"/>
  <TrackLightMapTransition MidPoint="0.000000" Width="0.000000" Color="0.000000"/>
  <TrackLightMapColor r="0.000000" g="0.000000" b="0.000000"/>
  <GlobalFresnel OpaqueAngle="70.000000" TransparentMultiplier="1.200000"/>
  <TrackLumLimits min="30.000000" max="190.000000"/>
  <TrackCockpitLumLimits min="40.000000" max="171.000000"/>
  <ToneMapeDelay val="0.040000"/>
  <DetailBlurScale val="0.400000"/>
  <SunSize min="30.000000" max="109.000000"/>
  <SunAdjust decay="0.500000" brightness="1.000000" scale="1.000000"/>
  <Performance DynamicCubemap="1" NonFocusCarProjectedShadows="1" FocusCarProjectedShadows="1" DetailBlur="1" Lightmap="1" CrowdSize="1024"/>
  <ShadowEnds InGameShadowEnd="85.000000" TrackSegCamShadowEnd="200.000000"/>
  <CommandBufferRecording TimeAllowed="4.500000" NumTextureFixupsAllowed="50" NumGraphsAllowed="25" PrerecordNextZone="0"/>
  <RoadSpecular RoadSpecular="0.402001" RoadSpecular2="0.806991" RoadSkid="0.300997" RoadSkid2="0.395005" RoadGlossiness="21.000000" RoadGlossiness2="6.000000" RoadLightmapDarkPoint="0.410001" RoadLightmapLightPoint="0.650000"/>
  <TrackLightMapParams DarkPoint="0.301003" LightPoint="0.507003"/>
  <skyScale value="1.050000"/>
  <cubeSkyScale value="0.000000"/>
  <cubeSkyGain value="0.000000"/>
  <homespaceCamLightDirOffset Enabled="0" x="0.000000" y="0.000000" z="0.000000"/>
  <DropShadowOpacityAdjustment value="0.000000"/>
  <FileChunkSize value="1048576"/>
  <ResourcePriority Texture="0" Model="393216"/>
</TrackSettings>