<DynamicRenderSettings>
  <FrameRate value="60"/>
  <TilingScenario value="0"/>
  <DepthOfField value="1"/>
  <CarDrawDriver value="1"/>
  <CarDamage value="1"/>
  <CarDamageTextures value="1"/>
  <CarKeepLOD0 value="1"/>
  <CarLODThresholds lod1="2" lod2="4" count="6"/>
  <CarFocusLODMinMax min="0" max="0"/>
  <CarNonFocusLODMinMax min="0" max="5"/>
  <CarLODTransDist near="15.0" far="25.0" veryfar="50.0"/>
  <CrowdLoad value="0"/>
  <ParticleRateScale value="1.0"/>
  <EnvMapFrequencyScale value="1.0"/>
  <CollidableShadows value="1"/>
  <SoftParticles value="1"/>
</DynamicRenderSettings>
