<DynamicRenderSettings>
  <FrameRate value="60"/>
  <TilingScenario value="1"/>
  <DepthOfField value="1"/>
  <CarShader value="shaders_16car"/>
  <CarDrawDriver value="1"/>
  <CarDamage value="0"/>
  <CarDamageTextures value="0"/>
  <CarLODThresholds lod1="2" lod2="4" count="6"/>
  <CarFocusLODMinMax min="0" max="5"/>
  <CarNonFocusLODMinMax min="0" max="5"/>
  <CarLODTransDist near="15.0" far="25.0" veryfar="50.0"/>
  <CarMinWheelLOD value="1"/>
  <CrowdLoad value="0"/>
  <ParticleRateScale value="1.0"/>
  <EnvMapFrequencyScale value="0.0"/>
  <MaxCarsInMirror value="6"/>
  <HalfRateMirror value="0"/>
  <HalfRateBloom value="1"/>
  <CollidablesInMirror value="0"/>
</DynamicRenderSettings>
