
<TrackSettings Version="40">
  <SkyboxHeightOffset value="-675.000000"/>
  <LightAmbient r="0.210000" g="0.210000" b="0.270000" a="1.000000"/>
  <DesaturateAmount value="0.860000"/>
  <DesatLuminosity r="0.212600" g="0.715200" b="0.072200" a="1.000000"/>
  <DesatPostMod r="1.030000" g="1.030000" b="1.030000" a="1.000000"/>
  <SHLighting Version="5" SHTopRed="0.220000" SHTopGreen="0.220000" SHTopBlue="0.220000" SHBottomRed="0.000000" SHBottomGreen="0.000000" SHBottomBlue="0.000000" SHDirRed="0.900000" SHDirGreen="0.900000" SHDirBlue="0.900000" SHEnvMapTop="0.900000" SHEnvMapBottom="0.150000" SHCockpitTopRed="0.200000" SHCockpitTopGreen="0.200000" SHCockpitTopBlue="0.200000" SHCockpitBottomRed="0.100000" SHCockpitBottomGreen="0.100000" SHCockpitBottomBlue="0.100000" SHCockpitDirRed="1.000000" SHCockpitDirGreen="1.000000" SHCockpitDirBlue="1.000000" SHCockpitDirTheta="0.000000" SHCockpitDirPhi="0.000000" CockpitDirectionalScalar="1.000000"/>
  <WindDirection x="0.500000" y="0.500000" z="0.000000"/>
  <WindAmplitude value="0.800000"/>
  <WindGustinessStrength value="1.000000"/>
  <WindGustinessFrequency value="0.200000"/>
  <WindSpeed value="3.000000"/>
  <Fog>
    <Curve value="0.000000"/>
    <Settings0>
      <Enabled value="1"/>
      <Angle value="0"/>
      <Color r="0.530000" g="0.600000" b="0.720000"/>
      <Near value="100.000000"/>
      <NearDensity value="0.000000"/>
      <Far value="1880.000000"/>
      <FarDensity value="0.750000"/>
    </Settings0>
    <Settings1>
      <Enabled value="0"/>
      <Angle value="180"/>
      <Color r="0.500000" g="0.500000" b="0.750000"/>
      <Near value="100.000000"/>
      <NearDensity value="0.000000"/>
      <Far value="2140.000000"/>
      <FarDensity value="1.000000"/>
    </Settings1>
    <Settings2>
      <Enabled value="0"/>
      <Angle value="180"/>
      <Color r="0.280000" g="0.280000" b="0.300000"/>
      <Near value="230.000000"/>
      <NearDensity value="0.000000"/>
      <Far value="480.000000"/>
      <FarDensity value="0.140000"/>
    </Settings2>
    <Settings3>
      <Enabled value="0"/>
      <Angle value="0"/>
      <Color r="0.500000" g="0.500000" b="0.500000"/>
      <Near value="100.000000"/>
      <NearDensity value="0.000000"/>
      <Far value="5000.000000"/>
      <FarDensity value="1.000000"/>
    </Settings3>
    <Settings4>
      <Enabled value="0"/>
      <Angle value="0"/>
      <Color r="0.500000" g="0.500000" b="0.500000"/>
      <Near value="100.000000"/>
      <NearDensity value="0.000000"/>
      <Far value="5000.000000"/>
      <FarDensity value="1.000000"/>
    </Settings4>
    <Settings5>
      <Enabled value="0"/>
      <Angle value="0"/>
      <Color r="0.500000" g="0.500000" b="0.500000"/>
      <Near value="100.000000"/>
      <NearDensity value="0.000000"/>
      <Far value="5000.000000"/>
      <FarDensity value="1.000000"/>
    </Settings5>
    <Settings6>
      <Enabled value="0"/>
      <Angle value="0"/>
      <Color r="0.500000" g="0.500000" b="0.500000"/>
      <Near value="100.000000"/>
      <NearDensity value="0.000000"/>
      <Far value="5000.000000"/>
      <FarDensity value="1.000000"/>
    </Settings6>
    <Settings7>
      <Enabled value="0"/>
      <Angle value="0"/>
      <Color r="0.500000" g="0.500000" b="0.500000"/>
      <Near value="100.000000"/>
      <NearDensity value="0.000000"/>
      <Far value="5000.000000"/>
      <FarDensity value="1.000000"/>
    </Settings7>
  </Fog>
  <ShadowColor r="1.000000" g="1.000000" b="1.000000" a="1.000000"/>
  <StaticShadowColor r="0.000000" g="0.000000" b="0.000000" a="1.000000"/>
  <GrassHeightScale value="1.000000"/>
  <GlobalSpecularLevel Version="2" value="0.000000"/>
  <DetailBrightness value="0.800000"/>
  <DetailDarkness value="0.250000"/>
  <DetailContrastThreshold value="0.600000"/>
  <DetailBlurAmount1 value="0.060000"/>
  <DetailBlurAmount2 value="0.100000"/>
  <DetailBlurAmount3 value="0.200000"/>
  <DetailBlurContrastAmount1 value="1.000000"/>
  <DetailBlurContrastAmount2 value="1.000000"/>
  <DetailBlurContrastAmount3 value="1.000000"/>
  <DetailBlurMPHForMaxBlur value="9999999960.000000"/>
  <bloomCutoffScale value="0.000000"/>
  <bloomPersist value="0.000000"/>
  <motionBlurAmount value="0.000000"/>
  <dofMinFocus value="0.300000"/>
  <dofPerfectFocus value="0.200000"/>
  <dofMaxFocus value="0.000000"/>
  <dofNearFocus value="0.250000"/>
  <dofFarFocus value="0.100000"/>
  <DarkColor r="0.090000" g="0.090000" b="0.090000" a="0.000000"/>
  <LightColor r="2.300000" g="2.300000" b="2.300000" a="1.000000"/>
  <GrassSpacingType value="0"/>
  <GrassLODDist value="4.000000"/>
  <GrassLODFadeRange value="3.000000"/>
  <GrassMinNumShells value="0"/>
  <ToneMappingLevels LightCurveBlackPoint="0.000000" LightCurveGamma="1.000000" LightCurveWhitePoint="295.799988" LightCurveBoost="0.000000" DarkCurveBlackPoint="0.000000" DarkCurveGamma="1.000000" DarkCurveWhitePoint="217.800003" DarkCurveBoost="0.000000"/>
  <bloomCutoff value="1.599995"/>
  <bloomScale value="1.018000"/>
  <bloomPersist value="0.010100"/>
  <skyGain value="0.400001"/>
  <GrassMaxNumShells value="0.000000"/>
  <Cubemap Version="4" MeshSizeThreshold="0.080000" MeshLimit="150" LimitPerFace="0" FacesPerFrame="3" FarDistance="200.000000" VisibilityThreshold="34000"/>
  <Mirror VisibilityThreshold="32"/>
  <OverrideShadowLightDirection value="1"/>
  <ShadowLightDirection x="0.565543" y="-0.730311" z="-0.531855"/>
  <MipMapLodBiasModifier value="0.000000"/>
  <Crowds Version="3" dark_x="0.200000" dark_y="0.200000" dark_z="0.200000" dark_w="1.000000" light_x="1.500000" light_y="1.500000" light_z="1.500000" light_w="1.000000" lod0="4.000000" lod1="10.000000" lod2="10.000000" lod3="90.000000" Use2FrameSitSprites="0" SpriteDistance="110.000000"/>
  <DropShadowColor r="0.000000" g="0.010000" b="0.030000" a="1.000000"/>
  <TrackLightMapTransition MidPoint="0.000000" Width="0.000000" Color="0.000000"/>
  <TrackLightMapColor r="0.000000" g="0.000000" b="0.000000"/>
  <GlobalFresnel OpaqueAngle="70.000000" TransparentMultiplier="1.200000"/>
  <TrackLumLimits min="100.000000" max="255.000000"/>
  <TrackCockpitLumLimits min="125.000000" max="201.000000"/>
  <ToneMapeDelay val="0.150000"/>
  <DetailBlurScale val="0.700000"/>
  <SunSize min="17.000000" max="56.000000"/>
  <SunAdjust decay="0.500000" brightness="1.000000" scale="1.000000"/>
  <Performance DynamicCubemap="1" NonFocusCarProjectedShadows="1" FocusCarProjectedShadows="1" DetailBlur="1" Lightmap="1" CrowdSize="1024"/>
  <ShadowEnds InGameShadowEnd="85.000000" TrackSegCamShadowEnd="200.000000"/>
  <CommandBufferRecording TimeAllowed="4.500000" NumTextureFixupsAllowed="50" NumGraphsAllowed="25" PrerecordNextZone="0"/>
  <RoadSpecular RoadSpecular="0.251000" RoadSpecular2="0.909000" RoadSkid="-1.110000" RoadSkid2="0.944000" RoadGlossiness="3.000000" RoadGlossiness2="23.000000" RoadLightmapDarkPoint="0.500000" RoadLightmapLightPoint="0.750000"/>
  <TrackLightMapParams DarkPoint="0.525000" LightPoint="0.750000"/>
  <skyScale value="0.909999"/>
  <cubeSkyScale value="0.450002"/>
  <cubeSkyGain value="-0.750001"/>
  <homespaceCamLightDirOffset Enabled="0" x="0.000000" y="0.000000" z="0.000000"/>
  <DropShadowOpacityAdjustment value="0.000000"/>
  <FileChunkSize value="1048576"/>
  <ResourcePriority Texture="0" Model="393216"/>
</TrackSettings>