
<TrackSettings Version="60">
  <SkyboxHeightOffset value="-1345.000000"/>
  <SkyboxIndex value="0"/>
  <SunHeightOffset value="0.000000"/>
  <LightAmbient r="0.010000" g="0.020000" b="0.030000" a="1.000000"/>
  <DesaturateAmount value="0.850000"/>
  <DesatLuminosity r="0.212600" g="0.715200" b="0.072200" a="1.000000"/>
  <DesatPostMod r="1.000000" g="1.000000" b="1.000000" a="1.000000"/>
  <WorldClear r="0.260000" g="0.260000" b="0.260000"/>
  <SHLighting Version="6" SHTopRed="0.220000" SHTopGreen="0.220000" SHTopBlue="0.220000" SHBottomRed="0.000000" SHBottomGreen="0.000000" SHBottomBlue="0.000000" SHDirRed="0.900000" SHDirGreen="0.900000" SHDirBlue="0.900000" SHEnvMapTop="0.900000" SHEnvMapBottom="0.150000" CockpitDirectionalScalar="4.999998" CockpitHemisphericalScalar="7.999995"/>
  <WindDirection x="0.500000" y="0.500000" z="0.000000"/>
  <WindAmplitude value="0.800000"/>
  <WindGustinessStrength value="1.000000"/>
  <WindGustinessFrequency value="0.200000"/>
  <WindSpeed value="3.000000"/>
  <Fog>
    <Curve value="0.000000"/>
    <Settings0>
      <Enabled value="1"/>
      <Angle value="0"/>
      <Color r="0.400000" g="0.600000" b="0.800000"/>
      <Near value="150.000000"/>
      <NearDensity value="0.000000"/>
      <Far value="1880.000000"/>
      <FarDensity value="0.015000"/>
    </Settings0>
    <Settings1>
      <Enabled value="0"/>
      <Angle value="180"/>
      <Color r="0.500000" g="0.500000" b="0.750000"/>
      <Near value="100.000000"/>
      <NearDensity value="0.000000"/>
      <Far value="2140.000000"/>
      <FarDensity value="1.000000"/>
    </Settings1>
    <Settings2>
      <Enabled value="0"/>
      <Angle value="180"/>
      <Color r="0.280000" g="0.280000" b="0.300000"/>
      <Near value="230.000000"/>
      <NearDensity value="0.000000"/>
      <Far value="480.000000"/>
      <FarDensity value="0.140000"/>
    </Settings2>
    <Settings3>
      <Enabled value="0"/>
      <Angle value="0"/>
      <Color r="0.500000" g="0.500000" b="0.500000"/>
      <Near value="100.000000"/>
      <NearDensity value="0.000000"/>
      <Far value="5000.000000"/>
      <FarDensity value="1.000000"/>
    </Settings3>
    <Settings4>
      <Enabled value="0"/>
      <Angle value="0"/>
      <Color r="0.500000" g="0.500000" b="0.500000"/>
      <Near value="100.000000"/>
      <NearDensity value="0.000000"/>
      <Far value="5000.000000"/>
      <FarDensity value="1.000000"/>
    </Settings4>
    <Settings5>
      <Enabled value="0"/>
      <Angle value="0"/>
      <Color r="0.500000" g="0.500000" b="0.500000"/>
      <Near value="100.000000"/>
      <NearDensity value="0.000000"/>
      <Far value="5000.000000"/>
      <FarDensity value="1.000000"/>
    </Settings5>
    <Settings6>
      <Enabled value="0"/>
      <Angle value="0"/>
      <Color r="0.500000" g="0.500000" b="0.500000"/>
      <Near value="100.000000"/>
      <NearDensity value="0.000000"/>
      <Far value="5000.000000"/>
      <FarDensity value="1.000000"/>
    </Settings6>
    <Settings7>
      <Enabled value="0"/>
      <Angle value="0"/>
      <Color r="0.500000" g="0.500000" b="0.500000"/>
      <Near value="100.000000"/>
      <NearDensity value="0.000000"/>
      <Far value="5000.000000"/>
      <FarDensity value="1.000000"/>
    </Settings7>
  </Fog>
  <ShadowColor r="1.000000" g="1.000000" b="1.000000" a="1.000000"/>
  <StaticShadowColor r="0.000000" g="0.000000" b="0.000000" a="1.000000"/>
  <GrassHeightScale value="1.000000"/>
  <GlobalSpecularLevel Version="2" value="0.000000"/>
  <MinSpecLevel value="0.000000"/>
  <DetailBlurAmount1 value="0.060000"/>
  <DetailBlurAmount2 value="0.100000"/>
  <DetailBlurAmount3 value="0.200000"/>
  <DetailBlurContrastAmount1 value="1.000000"/>
  <DetailBlurContrastAmount2 value="1.000000"/>
  <DetailBlurContrastAmount3 value="1.000000"/>
  <DetailBlurIntensityAmount1 value="1.000000"/>
  <DetailBluIntensityAmount2 value="1.000000"/>
  <DetailBlurIntensityAmount3 value="1.000000"/>
  <DetailBlurContrastAmountFinal value="0.960000"/>
  <DetailBlurIntensityAmountFinal value="1.350000"/>
  <DetailBlurMPHForMaxBlur value="9999999960.000000"/>
  <bloomCutoffScale value="0.000000"/>
  <bloomPersist value="0.000000"/>
  <motionBlurAmount value="0.000000"/>
  <dofFocalDistance value="4.000000"/>
  <dofFocalLength value="0.000000"/>
  <dofFocalMaxBlur value="0.000000"/>
  <DarkColor r="0.010000" g="0.020000" b="0.030000" a="0.000000"/>
  <LightColor r="0.900000" g="0.900000" b="0.900000" a="1.000000"/>
  <CollidableDropDistance value="300.000000"/>
  <GrassSpacingType value="0"/>
  <GrassLODDist value="4.000000"/>
  <GrassLODFadeRange value="3.000000"/>
  <GrassMinNumShells value="0"/>
  <GrassFadeStartDistance value="75.000000"/>
  <GrassFadeEndDistance value="100.000000"/>
  <ToneMapAdaptiveExposure Key_ExtraDark="11.000000" Key_Dark="24.000000" Key_Light="59.000000" Key_ExtraLight="73.000000" Exp_ExtraDark="1.249999" Exp_Dark="0.000000" Exp_Light="0.000000" Exp_ExtraLight="-0.526000"/>
  <ToneMapCockpitExposure Key_ExtraDark="5.000000" Key_Dark="15.000000" Key_Light="40.000000" Key_ExtraLight="50.000000" Exp_ExtraDark="1.250000" Exp_Dark="0.000000" Exp_Light="0.000000" Exp_ExtraLight="-0.750999"/>
  <bloomCutoff value="1.300993"/>
  <bloomScale value="4.000002"/>
  <bloomPersist value="0.001450"/>
  <bloomWeights x="0.500000" y="0.500000" z="0.400000" w="0.100000"/>
  <skyGain value="-0.000000"/>
  <sunGainScale threshold="0.000000" power="999900.000000" scale="301200.000000"/>
  <GrassMaxNumShells value="0.000000"/>
  <Cubemap Version="4" MeshSizeThreshold="0.080000" MeshLimit="150" LimitPerFace="0" FacesPerFrame="3" FarDistance="200.000000" VisibilityThreshold="34000"/>
  <Mirror VisibilityThreshold="128"/>
  <OverrideShadowLightDirection value="1"/>
  <ShadowLightDirection x="0.565543" y="-0.730311" z="-0.531855"/>
  <MipMapLodBiasModifier value="0.000000"/>
  <Crowds Version="3" dark_x="0.140000" dark_y="0.140000" dark_z="0.140000" dark_w="1.000000" light_x="0.750000" light_y="0.750000" light_z="0.750000" light_w="1.000000" lod0="4.000000" lod1="10.000000" lod2="10.000000" lod3="90.000000" SpriteDistance="110.000000"/>
  <DropShadowColor r="0.000000" g="0.000000" b="0.000000" a="1.000000"/>
  <TrackLightMapTransition MidPoint="0.000000" Width="0.000000" Color="0.000000"/>
  <TrackLightMapColor r="0.000000" g="0.000000" b="0.000000"/>
  <GlobalFresnel OpaqueAngle="70.000000" TransparentMultiplier="1.200000"/>
  <ToneMapeDelay val="0.070000"/>
  <CameraExposureRange minval="-2.000000" maxval="6.000000"/>
  <DetailBlurScale Version="2" val="0.200000"/>
  <SunSize min="10.000000" max="17.000000"/>
  <SunAdjust Version="2" decay="0.500000" brightness="0.090000" scale="0.060000" cockpitScale="1.000000"/>
  <Performance DynamicCubemap="1" NonFocusCarProjectedShadows="1" FocusCarProjectedShadows="1" DetailBlur="1" Lightmap="1" CrowdSize="1024"/>
  <ShadowEnds ShadowNear="25.000000" InGameShadowEnd="85.000000" TrackSegCamShadowEnd="200.000000" ShadowMipBias="-0.750000"/>
  <CommandBufferRecording TimeAllowed="4.500000" NumTextureFixupsAllowed="50" NumGraphsAllowed="25" PrerecordNextZone="0"/>
  <RoadSpecular RoadSpecular="-0.022000" RoadSpecular2="0.852000" RoadSkid="-0.020000" RoadSkid2="0.254000" RoadGlossiness="15.000000" RoadGlossiness2="15.000000" RoadLightmapDarkPoint="0.300000" RoadLightmapLightPoint="0.900000"/>
  <TrackLightMapParams DarkPoint="0.450999" LightPoint="0.700001"/>
  <skyScale value="0.900001"/>
  <cubeSkyScale value="0.450002"/>
  <cubeSkySaturation value="0.650000"/>
  <homespaceCamLightDirOffset Enabled="0" x="0.000000" y="0.000000" z="0.000000"/>
  <DropShadowOpacityAdjustment value="0.000000"/>
  <FileChunkSize value="1048576"/>
  <ResourcePriority Texture="393216" Model="458752"/>
  <imageBasedLighting Version="3" Enable="0" LogLuvEncode="0" iblAmbientScale="0.800000" iblAmbientSaturation="0.650000" iblDirectScale="0.650000" iblSunColorR="1.000000" iblSunColorG="1.000000" iblSunColorB="1.000000"/>
  <cubeReflGroundScale value="1.000000"/>
  <filmicTone Version="2" white="1.000000" shoulderStrength="0.800000" linearStrength="0.030000" linearAngle="0.664000" toeStrength="0.160000" toeNumerator="0.003000" toeDenominator="0.141000" exposure="0.300000"/>
  <wholeTrackLightmapRadius value="400.399963"/>
  <TrackGroundColor r="0.100000" g="0.100000" b="0.100000"/>
  <TrackSkyColor r="1.000000" g="1.000000" b="1.000000"/>
  <TrackHorizonBegin value="0.000000"/>
  <TrackHorizonEnd value="0.100000"/>
  <Particles>
    <TintColor r="1.000000" g="1.000000" b="1.000000"/>
  </Particles>
</TrackSettings>