
<TrackSettings Version="40">
  <SkyboxHeightOffset value="-275.000000"/>
  <LightAmbient r="0.500000" g="0.500000" b="0.500000" a="1.000000"/>
  <DesaturateAmount value="0.900000"/>
  <DesatLuminosity r="0.212600" g="0.715200" b="0.072200" a="1.000000"/>
  <DesatPostMod r="1.000000" g="1.000000" b="1.080000" a="0.000000"/>
  <SHLighting Version="5" SHTopRed="0.320000" SHTopGreen="0.330000" SHTopBlue="0.350000" SHBottomRed="0.000001" SHBottomGreen="0.000001" SHBottomBlue="0.000000" SHDirRed="0.850000" SHDirGreen="0.820000" SHDirBlue="0.720000" SHEnvMapTop="1.000000" SHEnvMapBottom="0.150000" SHCockpitTopRed="0.500000" SHCockpitTopGreen="0.500000" SHCockpitTopBlue="0.500000" SHCockpitBottomRed="0.000000" SHCockpitBottomGreen="0.000000" SHCockpitBottomBlue="0.000000" SHCockpitDirRed="0.000000" SHCockpitDirGreen="0.000000" SHCockpitDirBlue="0.000000" SHCockpitDirTheta="96.000000" SHCockpitDirPhi="-10.000000" CockpitDirectionalScalar="1.500000"/>
  <WindDirection x="0.010000" y="0.010000" z="-431602080.000000"/>
  <WindAmplitude value="0.200000"/>
  <WindGustinessStrength value="0.000000"/>
  <WindGustinessFrequency value="0.000000"/>
  <WindSpeed value="1.450001"/>
  <Fog>
    <Curve value="0.000000"/>
    <Settings0>
      <Enabled value="1"/>
      <Angle value="45"/>
      <Color r="0.760000" g="0.790000" b="0.810000"/>
      <Near value="0.000000"/>
      <NearDensity value="0.000000"/>
      <Far value="600.000000"/>
      <FarDensity value="0.250000"/>
    </Settings0>
    <Settings1>
      <Enabled value="0"/>
      <Angle value="225"/>
      <Color r="0.650000" g="0.670000" b="0.660000"/>
      <Near value="20.000000"/>
      <NearDensity value="0.000000"/>
      <Far value="1000.000000"/>
      <FarDensity value="0.490000"/>
    </Settings1>
    <Settings2>
      <Enabled value="0"/>
      <Angle value="0"/>
      <Color r="0.500000" g="0.500000" b="0.500000"/>
      <Near value="100.000000"/>
      <NearDensity value="0.000000"/>
      <Far value="5000.000000"/>
      <FarDensity value="1.000000"/>
    </Settings2>
    <Settings3>
      <Enabled value="0"/>
      <Angle value="0"/>
      <Color r="0.500000" g="0.500000" b="0.500000"/>
      <Near value="100.000000"/>
      <NearDensity value="0.000000"/>
      <Far value="5000.000000"/>
      <FarDensity value="1.000000"/>
    </Settings3>
    <Settings4>
      <Enabled value="0"/>
      <Angle value="0"/>
      <Color r="0.500000" g="0.500000" b="0.500000"/>
      <Near value="100.000000"/>
      <NearDensity value="0.000000"/>
      <Far value="5000.000000"/>
      <FarDensity value="1.000000"/>
    </Settings4>
    <Settings5>
      <Enabled value="0"/>
      <Angle value="0"/>
      <Color r="0.500000" g="0.500000" b="0.500000"/>
      <Near value="100.000000"/>
      <NearDensity value="0.000000"/>
      <Far value="5000.000000"/>
      <FarDensity value="1.000000"/>
    </Settings5>
    <Settings6>
      <Enabled value="0"/>
      <Angle value="0"/>
      <Color r="0.500000" g="0.500000" b="0.500000"/>
      <Near value="100.000000"/>
      <NearDensity value="0.000000"/>
      <Far value="5000.000000"/>
      <FarDensity value="1.000000"/>
    </Settings6>
    <Settings7>
      <Enabled value="0"/>
      <Angle value="0"/>
      <Color r="0.500000" g="0.500000" b="0.500000"/>
      <Near value="100.000000"/>
      <NearDensity value="0.000000"/>
      <Far value="5000.000000"/>
      <FarDensity value="1.000000"/>
    </Settings7>
  </Fog>
  <ShadowColor r="1.000000" g="1.000000" b="1.000000" a="1.000000"/>
  <StaticShadowColor r="0.000000" g="0.000000" b="0.000000" a="1.000000"/>
  <GrassHeightScale value="1.300000"/>
  <GlobalSpecularLevel Version="2" value="0.000000"/>
  <DetailBrightness value="0.000000"/>
  <DetailDarkness value="0.000000"/>
  <DetailContrastThreshold value="0.500000"/>
  <DetailBlurAmount1 value="0.060000"/>
  <DetailBlurAmount2 value="0.120000"/>
  <DetailBlurAmount3 value="0.180000"/>
  <DetailBlurContrastAmount1 value="1.000000"/>
  <DetailBlurContrastAmount2 value="1.000000"/>
  <DetailBlurContrastAmount3 value="1.000000"/>
  <DetailBlurMPHForMaxBlur value="9999999990.000000"/>
  <bloomCutoffScale value="0.000000"/>
  <bloomPersist value="0.000000"/>
  <motionBlurAmount value="0.000000"/>
  <dofMinFocus value="0.300000"/>
  <dofPerfectFocus value="0.200000"/>
  <dofMaxFocus value="0.000000"/>
  <dofNearFocus value="0.250000"/>
  <dofFarFocus value="0.100000"/>
  <DarkColor r="-0.000000" g="-0.000000" b="-0.000000" a="0.000000"/>
  <LightColor r="1.700000" g="1.700000" b="1.700000" a="1.000000"/>
  <GrassSpacingType value="0"/>
  <GrassLODDist value="4.000000"/>
  <GrassLODFadeRange value="3.000000"/>
  <GrassMinNumShells value="2"/>
  <ToneMappingLevels LightCurveBlackPoint="0.000000" LightCurveGamma="1.000000" LightCurveWhitePoint="255.000000" LightCurveBoost="1.000000" DarkCurveBlackPoint="0.000000" DarkCurveGamma="1.000000" DarkCurveWhitePoint="255.000000" DarkCurveBoost="0.000000"/>
  <bloomCutoff value="1.902991"/>
  <bloomScale value="2.101000"/>
  <bloomPersist value="0.010900"/>
  <skyGain value="0.200000"/>
  <GrassMaxNumShells value="0.000000"/>
  <Cubemap Version="4" MeshSizeThreshold="0.060000" MeshLimit="250" LimitPerFace="0" FacesPerFrame="3" FarDistance="700.000000" VisibilityThreshold="10000"/>
  <Mirror VisibilityThreshold="32"/>
  <OverrideShadowLightDirection value="1"/>
  <ShadowLightDirection x="0.611572" y="-0.671315" z="-0.431293"/>
  <MipMapLodBiasModifier value="0.000000"/>
  <Crowds Version="3" dark_x="0.700000" dark_y="0.700000" dark_z="0.700000" dark_w="1.000000" light_x="2.000000" light_y="2.000000" light_z="2.000000" light_w="1.000000" lod0="5.000000" lod1="10.000000" lod2="37.000000" lod3="80.000000" Use2FrameSitSprites="1" SpriteDistance="140.000000"/>
  <DropShadowColor r="-0.000000" g="0.010000" b="0.030000" a="1.000000"/>
  <TrackLightMapTransition MidPoint="0.000000" Width="0.000000" Color="0.000000"/>
  <TrackLightMapColor r="0.000000" g="0.000000" b="0.000000"/>
  <GlobalFresnel OpaqueAngle="70.000000" TransparentMultiplier="1.200000"/>
  <TrackLumLimits min="0.000000" max="255.000000"/>
  <TrackCockpitLumLimits min="0.000000" max="255.000000"/>
  <ToneMapeDelay val="1.000000"/>
  <DetailBlurScale val="0.590000"/>
  <SunSize min="30.000000" max="109.000000"/>
  <SunAdjust decay="0.500000" brightness="1.000000" scale="1.009998"/>
  <Performance DynamicCubemap="1" NonFocusCarProjectedShadows="1" FocusCarProjectedShadows="1" DetailBlur="1" Lightmap="1" CrowdSize="1024"/>
  <ShadowEnds InGameShadowEnd="85.000000" TrackSegCamShadowEnd="200.000000"/>
  <CommandBufferRecording TimeAllowed="4.500000" NumTextureFixupsAllowed="50" NumGraphsAllowed="25" PrerecordNextZone="0"/>
  <RoadSpecular RoadSpecular="0.020000" RoadSpecular2="0.323000" RoadSkid="-0.402003" RoadSkid2="1.405001" RoadGlossiness="4.000000" RoadGlossiness2="23.000000" RoadLightmapDarkPoint="0.500000" RoadLightmapLightPoint="0.750000"/>
  <TrackLightMapParams DarkPoint="0.525000" LightPoint="0.750000"/>
  <skyScale value="1.000000"/>
  <cubeSkyScale value="-0.000000"/>
  <cubeSkyGain value="0.000000"/>
  <homespaceCamLightDirOffset Enabled="0" x="0.000000" y="0.000000" z="0.000000"/>
  <DropShadowOpacityAdjustment value="0.000000"/>
  <FileChunkSize value="524288"/>
  <ResourcePriority Texture="393216" Model="458752"/>
</TrackSettings>